{"seed":42,"numguys":20,"numticks":10,"num_infobits_final":10,"num_edges_final":47,"total_info_links_final":17,"mean_fluctuation_final":0.002091872465157249,"mean_inf_count_final":0.85,"mean_infobit_popularity":2.4285714285714284,"final_positions":{"0":[-9.910765340607679,0.46973646352617493],"1":[-5.305057987525844,-14.439765977752398],"2":[-3.63306578810535,-13.28520681698477],"3":[14.079742472331212,7.499976089922335],"4":[-2.435521144850237,12.73312556525123],"5":[14.592658175019277,2.0885113876627734],"6":[9.079383281497453,14.503464922904335],"7":[-7.392027204476307,-6.722974114529784],"8":[-16.437963918516058,-10.613704962936003],"9":[-3.63306578810535,-13.28520681698477],"10":[-6.649727899417419,5.687941549153496],"11":[-3.63306578810535,-13.28520681698477],"12":[-7.545481818767783,10.848337700408525],"13":[-14.109252535476259,-3.5477127871962235],"14":[-6.649727899417419,5.687941549153496],"15":[-11.046191238460374,-15.983998334895539],"16":[-3.63306578810535,-13.28520681698477],"17":[15.218676637648056,11.369617101942755],"18":[-3.63306578810535,-13.28520681698477],"19":[15.353425208789687,3.532130061223665]},"final_edges":[[0,3],[0,7],[0,8],[0,13],[0,14],[0,19],[1,5],[1,6],[1,12],[2,5],[2,9],[2,17],[2,18],[3,6],[3,7],[3,8],[4,10],[4,11],[4,13],[4,16],[4,17],[5,6],[5,19],[6,7],[6,15],[7,17],[8,15],[8,16],[8,17],[9,14],[9,16],[9,18],[10,14],[10,16],[10,17],[11,16],[11,17],[11,18],[12,13],[12,16],[13,18],[13,19],[14,16],[14,17],[15,19],[16,17],[18,19]]}
